City,State,Restaurant Name,Dish Name,Dish Category,Restaurant Address,Price,Menu Description,Ingredients,Calories,Protein,Fibre,Sugar,Diet Type,Cooking Method,Gluten-Free,Seed-Oil-Free,Fresh Ingredients,Source,Source URL,Date Collected
Delhi,Delhi,Greenr Cafe,Bangkok Street Tofu Earth Bowl,Bowl,Vasant Vihar Delhi,795,Barnyard millet and tofu amaranth balls,Tofu|Amaranth|Millet,NULL,NULL,NULL,NULL,Vegan,NULL,Yes,Unknown,Yes,JustDial,https://www.justdial.com/Delhi/Greenr-Cafe,2026-09-07
Delhi,Delhi,Fabcafe,Desi Chicken Tikka,Starter,Sunder Nursery Delhi,550,Chicken tikka without butter or cream,Chicken|Spices|Yogurt,380,45,2,0,Non-Vegetarian,Tandoori,Yes,Yes,Yes,EazyDiner,https://www.eazydiner.com/delhi-ncr/fabcafe,2026-09-07
Delhi,Delhi,EatFit,Chicken Tikka Super Bowl,Bowl,Connaught Place Delhi,450,Healthy tandoori chicken bowl with millet,Chicken|Millet|Veggies,NULL,NULL,NULL,NULL,Non-Vegetarian,Tandoori,Unknown,Unknown,Yes,Official Website,https://www.eatfit.in,2026-09-07
Delhi,Delhi,Getafix,Quinoa and Grilled Chicken Bowl,Bowl,GK 1 Delhi,495,Quinoa bowl packed with lean protein,Quinoa|Chicken|Greens,NULL,NULL,NULL,NULL,Non-Vegetarian,Grilled,Yes,Unknown,Yes,Official Website,https://getafix.in,2026-09-07
Delhi,Delhi,Subway,Tandoori Chicken Salad,Salad,Connaught Place Delhi,320,Tandoori chicken strips with fresh veggies,Chicken|Lettuce|Tomato|Cucumber,NULL,NULL,NULL,NULL,Non-Vegetarian,Tandoori,Unknown,Unknown,Yes,Official Website,https://www.subway.com/en-IN,2026-09-07
Gurugram,Haryana,Greenr Cafe,Mexican Baja Black Bean Earth Bowl,Bowl,Sector 15 Gurugram,795,Roasted veggies with black beans and avocado,Black beans|Avocado|Veggies,NULL,NULL,NULL,NULL,Vegan,Roasted,Yes,Unknown,Yes,JustDial,https://www.justdial.com/Gurugram/Greenr-Cafe,2026-09-07
Gurugram,Haryana,Salad Days,Wild Salmon Salad,Salad,Udyog Vihar Gurugram,550,Fresh wild salmon with mixed greens,Salmon|Mixed Greens|Lemon,NULL,NULL,NULL,NULL,Non-Vegetarian,Grilled,Yes,Unknown,Yes,Official Website,https://saladdays.co,2026-09-07
Gurugram,Haryana,Fabcafe,Veggie Nutty Salad,Salad,Cyber Hub Gurugram,350,Fresh crunchy vegetables with nuts,Mixed Veggies|Almonds|Walnuts,NULL,NULL,NULL,NULL,Vegan,Raw,Yes,Unknown,Yes,EazyDiner,https://www.eazydiner.com/delhi-ncr/fabcafe,2026-09-07
Gurugram,Haryana,EatFit,Palak Paneer & Millet Khichdi,Main,Sector 49 Gurugram,320,Nutritious palak paneer over millet khichdi,Spinach|Paneer|Millet,NULL,NULL,NULL,NULL,Vegetarian,Steamed,Yes,Unknown,Yes,Official Website,https://www.eatfit.in,2026-09-07
Gurugram,Haryana,Subway,Roasted Chicken Salad,Salad,DLF Phase 3 Gurugram,320,Roasted chicken breast with garden greens,Chicken|Lettuce|Tomato|Cucumber,NULL,NULL,NULL,NULL,Non-Vegetarian,Roasted,Unknown,Unknown,Yes,Official Website,https://www.subway.com/en-IN,2026-09-07
Noida,Uttar Pradesh,Fabcafe,Berry Blast Smoothie Bowl,Bowl,Sector 104 Noida,350,Fruit smoothie bowl with granola,Berries|Banana|Granola,NULL,NULL,NULL,NULL,Vegetarian,Raw,Unknown,Yes,Yes,EazyDiner,https://www.eazydiner.com/delhi-ncr/fabcafe,2026-09-07
Noida,Uttar Pradesh,EatFit,Fruit Pop Oatmeal Bowl,Breakfast,Sector 63 Noida,220,High fibre oatmeal with fresh fruits,Oats|Apple|Banana|Chia,NULL,NULL,NULL,NULL,Vegetarian,Raw,Unknown,Yes,Yes,Official Website,https://www.eatfit.in,2026-09-07
Noida,Uttar Pradesh,Salad Days,Cottage Cheese & Grilled Veggies Salad,Salad,Sector 62 Noida,350,Protein packed paneer and veggies,Paneer|Zucchini|Bell Peppers,NULL,NULL,NULL,NULL,Vegetarian,Grilled,Yes,Unknown,Yes,Official Website,https://saladdays.co,2026-09-07
Noida,Uttar Pradesh,Barbeque Nation,Grilled Prawns,Starter,Sector 18 Noida,800,Marinaded prawns grilled on skewers,Prawns|Spices,NULL,NULL,NULL,NULL,Non-Vegetarian,Grilled,Yes,Unknown,Yes,Official Website,https://www.barbequenation.com,2026-09-07
Noida,Uttar Pradesh,Pita Pit,Falafel Pita Whole Wheat,Main,Sector 18 Noida,280,Baked falafel in whole wheat pita with fresh veggies,Falafel|Whole Wheat Pita|Veggies,NULL,NULL,NULL,NULL,Vegetarian,Baked,Unknown,Unknown,Yes,Official Website,https://pitapit.in,2026-09-07
Ghaziabad,Uttar Pradesh,EatFit,Egg White & Chicken Keema Bowl,Bowl,Indirapuram Ghaziabad,350,High protein egg whites with lean chicken keema,Egg Whites|Chicken Keema|Spices,NULL,NULL,NULL,NULL,Non-Vegetarian,Steamed,Unknown,Unknown,Yes,Official Website,https://www.eatfit.in,2026-09-07
Ghaziabad,Uttar Pradesh,Subway,Paneer Tikka Salad,Salad,Rajnagar Ghaziabad,300,Paneer tikka cubes tossed with fresh salad,Paneer|Lettuce|Tomato|Cucumber,NULL,NULL,NULL,NULL,Vegetarian,Tandoori,Unknown,Unknown,Yes,Official Website,https://www.subway.com/en-IN,2026-09-07
Ghaziabad,Uttar Pradesh,Faasos,Moong Dal Chilla,Breakfast,Vaishali Ghaziabad,150,High protein lentil pancake,Moong Dal|Herbs,NULL,NULL,NULL,NULL,Vegetarian,Grilled,Yes,Unknown,Yes,Official Website,https://www.faasos.com,2026-09-07
Ghaziabad,Uttar Pradesh,Bikanervala,Plain Idli Sambar,Main,Kaushambi Ghaziabad,180,Steamed rice and lentil cakes with lentil soup,Rice|Urad Dal|Lentils,NULL,NULL,NULL,NULL,Vegetarian,Steamed,Yes,Unknown,Yes,Official Website,https://bikanervala.com,2026-09-07
Ghaziabad,Uttar Pradesh,Barbeque Nation,Tandoori Mushroom,Starter,Indirapuram Ghaziabad,700,Mushrooms marinated and grilled,Mushroom|Spices|Yogurt,NULL,NULL,NULL,NULL,Vegetarian,Tandoori,Yes,Unknown,Yes,Official Website,https://www.barbequenation.com,2026-09-07
Mumbai,Maharashtra,Sante Spa Cuisine,Homemade Tofu Ratatouille Bowl,Bowl,BKC Mumbai,520,High protein vegan ratatouille bowl,Tofu|Eggplant|Zucchini|Olive Oil,NULL,NULL,NULL,NULL,Vegan,Baked,Yes,Yes,Yes,MagicPin,https://magicpin.in/Mumbai/BKC/Sante-Spa-Cuisine,2026-09-07
Mumbai,Maharashtra,Bombay Salad Co,The Samurai Salad,Salad,Bandra Mumbai,450,Soba noodles with tofu and teriyaki dressing,Tofu|Soba Noodles|Greens,NULL,NULL,NULL,NULL,Vegan,Raw,Unknown,Unknown,Yes,Official Website,https://bombaysalad.com,2026-09-07
Mumbai,Maharashtra,Sequel,The Wholesome Bowl,Bowl,Bandra Mumbai,650,Organic quinoa with roasted veggies and avocado,Quinoa|Avocado|Sweet Potato,NULL,NULL,NULL,NULL,Vegan,Roasted,Yes,Yes,Yes,Official Website,https://sequelmumbai.in,2026-09-07
Mumbai,Maharashtra,Greenr Cafe,Beijing Black Soba Earth Bowl,Bowl,Bandra Mumbai,735,Soba noodles with tofu and edamame,Soba|Tofu|Edamame|Broccoli,NULL,NULL,NULL,NULL,Vegan,Raw,Unknown,Unknown,Yes,JustDial,https://www.justdial.com/Mumbai/Greenr-Cafe,2026-09-07
Mumbai,Maharashtra,EatFit,Classic Moong Dal & Rice,Main,Lower Parel Mumbai,220,Simple comforting lentil and rice bowl,Moong Dal|Rice,NULL,NULL,NULL,NULL,Vegetarian,Steamed,Yes,Unknown,Yes,Official Website,https://www.eatfit.in,2026-09-07
Bengaluru,Karnataka,Sante Spa Cuisine,Mediterranean Quinoa Salad,Salad,Indiranagar Bengaluru,540,Quinoa with apples walnuts and cranberries,Quinoa|Apples|Walnuts|Cranberries,NULL,NULL,NULL,NULL,Vegetarian,Raw,Yes,Unknown,Yes,JustDial,https://www.justdial.com/Bengaluru/Sante-Spa-Cuisine,2026-09-07
Bengaluru,Karnataka,FreshMenu,Grilled Chicken Steak,Main,Koramangala Bengaluru,350,Lean grilled chicken steak with veggies,Chicken Breast|Veggies,NULL,NULL,NULL,NULL,Non-Vegetarian,Grilled,Yes,Unknown,Yes,Official Website,https://www.freshmenu.com,2026-09-07
Bengaluru,Karnataka,EatFit,Chicken Tikka Super Bowl,Bowl,Indiranagar Bengaluru,450,Healthy tandoori chicken bowl with millet,Chicken|Millet|Veggies,NULL,NULL,NULL,NULL,Non-Vegetarian,Tandoori,Unknown,Unknown,Yes,Official Website,https://www.eatfit.in,2026-09-07
Bengaluru,Karnataka,Cult.fit,Protein Packed Paneer Bowl,Bowl,HSR Layout Bengaluru,320,Paneer with high fibre grains,Paneer|Brown Rice|Greens,NULL,NULL,NULL,NULL,Vegetarian,Grilled,Unknown,Unknown,Yes,Official Website,https://www.cult.fit,2026-09-07
Bengaluru,Karnataka,Fabcafe,Mutton Galouti Kebab,Starter,Jayanagar Bengaluru,650,Pan grilled low fat mutton kebabs,Mutton|Spices,NULL,NULL,NULL,NULL,Non-Vegetarian,Grilled,Unknown,Unknown,Yes,EazyDiner,https://www.eazydiner.com/bengaluru/fabcafe,2026-09-07
Hyderabad,Telangana,Fabcafe,Dal Makhani No Cream,Main,Banjara Hills Hyderabad,380,Healthy version of dal makhani cooked without butter,Urad Dal|Tomato|Spices,NULL,NULL,NULL,NULL,Vegetarian,Steamed,Yes,Unknown,Yes,EazyDiner,https://www.eazydiner.com/hyderabad/fabcafe,2026-09-07
Hyderabad,Telangana,Salad Chef,Greek Salad,Salad,Jubilee Hills Hyderabad,280,Fresh veggies with feta cheese,Cucumber|Tomato|Feta|Olives,NULL,NULL,NULL,NULL,Vegetarian,Raw,Yes,Unknown,Yes,Official Website,https://saladchef.in,2026-09-07
Hyderabad,Telangana,EatFit,Palak Paneer & Millet Khichdi,Main,Madhapur Hyderabad,320,Nutritious palak paneer over millet khichdi,Spinach|Paneer|Millet,NULL,NULL,NULL,NULL,Vegetarian,Steamed,Yes,Unknown,Yes,Official Website,https://www.eatfit.in,2026-09-07
Hyderabad,Telangana,Barbeque Nation,Grilled Fish,Starter,Banjara Hills Hyderabad,800,Fish fillets marinated and grilled,Fish|Spices,NULL,NULL,NULL,NULL,Non-Vegetarian,Grilled,Yes,Unknown,Yes,Official Website,https://www.barbequenation.com,2026-09-07
Hyderabad,Telangana,Subway,Roasted Chicken Salad,Salad,Gachibowli Hyderabad,320,Roasted chicken breast with garden greens,Chicken|Lettuce|Tomato|Cucumber,NULL,NULL,NULL,NULL,Non-Vegetarian,Roasted,Unknown,Unknown,Yes,Official Website,https://www.subway.com/en-IN,2026-09-07
Chennai,Tamil Nadu,Sante Spa Cuisine,Cauliflower Rice Nasi Goreng Bowl,Bowl,Besant Nagar Chennai,480,Ketosis friendly vegetable bowl,Cauliflower Rice|Veggies|Peanuts,NULL,NULL,NULL,NULL,Vegan,Grilled,Yes,Unknown,Yes,MagicPin,https://magicpin.in/Chennai/Besant-Nagar/Sante-Spa-Cuisine,2026-09-07
Chennai,Tamil Nadu,Pumpkin Tales,Vegan Buddha Bowl,Bowl,Bheemanna Mudali Garden Chennai,550,Assorted steamed greens with quinoa,Quinoa|Broccoli|Sweet Potato,NULL,NULL,NULL,NULL,Vegan,Steamed,Yes,Unknown,Yes,Official Website,https://pumpkintales.com,2026-09-07
Chennai,Tamil Nadu,The Summer House Eatery,Grilled Chicken Breast,Main,Alwarpet Chennai,480,Grilled chicken served with steamed vegetables,Chicken Breast|Veggies,NULL,NULL,NULL,NULL,Non-Vegetarian,Grilled,Yes,Unknown,Yes,Official Website,https://summerhouseeatery.com,2026-09-07
Chennai,Tamil Nadu,EatFit,Fruit Pop Oatmeal Bowl,Breakfast,Nungambakkam Chennai,220,High fibre oatmeal with fresh fruits,Oats|Apple|Banana|Chia,NULL,NULL,NULL,NULL,Vegetarian,Raw,Unknown,Yes,Yes,Official Website,https://www.eatfit.in,2026-09-07
Chennai,Tamil Nadu,Subway,Tandoori Chicken Salad,Salad,Adyar Chennai,320,Tandoori chicken strips with fresh veggies,Chicken|Lettuce|Tomato|Cucumber,NULL,NULL,NULL,NULL,Non-Vegetarian,Tandoori,Unknown,Unknown,Yes,Official Website,https://www.subway.com/en-IN,2026-09-07
Kolkata,West Bengal,The Daily Cafe,Avocado Toast on Sourdough,Breakfast,Desapriya Park Kolkata,380,Mashed avocado on toasted sourdough bread,Avocado|Sourdough|Lemon,NULL,NULL,NULL,NULL,Vegan,Baked,Unknown,Unknown,Yes,Official Website,https://thedailycafe.in,2026-09-07
Kolkata,West Bengal,Ubuntu Eat,Vegan Mutton Curry,Main,Hindustan Park Kolkata,350,Soya based protein rich vegan curry,Soya Chunks|Tomato|Spices,NULL,NULL,NULL,NULL,Vegan,Steamed,Unknown,Unknown,Yes,Official Website,https://ubuntueat.com,2026-09-07
Kolkata,West Bengal,Fabcafe,Kashmiri Mutton Curry,Main,Park Street Kolkata,650,Low oil mutton curry with traditional spices,Mutton|Spices,NULL,NULL,NULL,NULL,Non-Vegetarian,Steamed,Unknown,Unknown,Yes,EazyDiner,https://www.eazydiner.com/kolkata/fabcafe,2026-09-07
Kolkata,West Bengal,EatFit,Egg White & Chicken Keema Bowl,Bowl,Salt Lake Kolkata,350,High protein egg whites with lean chicken keema,Egg Whites|Chicken Keema|Spices,NULL,NULL,NULL,NULL,Non-Vegetarian,Steamed,Unknown,Unknown,Yes,Official Website,https://www.eatfit.in,2026-09-07
Kolkata,West Bengal,Subway,Veggie Delite Salad,Salad,Ballygunge Kolkata,250,Fresh mixed greens and vegetables,Lettuce|Tomato|Cucumber|Olives,NULL,NULL,NULL,NULL,Vegan,Raw,Yes,Unknown,Yes,Official Website,https://www.subway.com/en-IN,2026-09-07
Pune,Maharashtra,Sante Spa Cuisine,The Vegan Raw Buddha Bowl,Bowl,Koregaon Park Pune,580,Raw mix of greens beet carrots and sprouts,Greens|Beet|Avocado|Sprouts|Peanuts,NULL,NULL,NULL,NULL,Vegan,Raw,Yes,Yes,Yes,JustDial,https://www.justdial.com/Pune/Sante-Spa-Cuisine,2026-09-07
Pune,Maharashtra,Chafa Cafe,Grilled Red Snapper,Main,Koregaon Park Pune,650,Fresh fish grilled with herbs,Red Snapper|Herbs|Olive Oil,NULL,NULL,NULL,NULL,Non-Vegetarian,Grilled,Yes,Unknown,Yes,Official Website,https://chafacafe.com,2026-09-07
Pune,Maharashtra,Tien,Smoked Chicken Salad,Salad,Model Colony Pune,420,Smoked chicken with fresh greens,Chicken|Mixed Greens,NULL,NULL,NULL,NULL,Non-Vegetarian,Grilled,Unknown,Unknown,Yes,Official Website,https://tienpune.com,2026-09-07
Pune,Maharashtra,EatFit,Chicken Tikka Super Bowl,Bowl,Viman Nagar Pune,450,Healthy tandoori chicken bowl with millet,Chicken|Millet|Veggies,NULL,NULL,NULL,NULL,Non-Vegetarian,Tandoori,Unknown,Unknown,Yes,Official Website,https://www.eatfit.in,2026-09-07
Pune,Maharashtra,Subway,Paneer Tikka Salad,Salad,Kalyani Nagar Pune,300,Paneer tikka cubes tossed with fresh salad,Paneer|Lettuce|Tomato|Cucumber,NULL,NULL,NULL,NULL,Vegetarian,Tandoori,Unknown,Unknown,Yes,Official Website,https://www.subway.com/en-IN,2026-09-07
Ahmedabad,Gujarat,The Green House,Jain Quinoa & Sprouted Moong Salad,Salad,Navrangpura Ahmedabad,380,No root vegetables quinoa and sprouts salad,Quinoa|Sprouts|Lemon,NULL,NULL,NULL,NULL,Vegan,Raw,Yes,Unknown,Yes,Official Website,https://thegreenhouse.com,2026-09-07
Ahmedabad,Gujarat,Sante Spa Cuisine,Blackened Edamame Burger,Main,Sindhu Bhavan Ahmedabad,550,Charcoal bun with edamame beans and roasted mushrooms,Edamame|Mushroom|Charcoal Bun,NULL,NULL,NULL,NULL,Vegan,Baked,Unknown,Unknown,Yes,JustDial,https://www.justdial.com/Ahmedabad/Sante-Spa-Cuisine,2026-09-07
Ahmedabad,Gujarat,Swati Snacks,Panki,Main,Law Garden Ahmedabad,250,Rice flour batter steamed in banana leaves,Rice Flour|Spices,NULL,NULL,NULL,NULL,Vegetarian,Steamed,Yes,Unknown,Yes,Official Website,https://swatisnacks.com,2026-09-07
Ahmedabad,Gujarat,EatFit,Classic Moong Dal & Rice,Main,Chandkheda Ahmedabad,220,Simple comforting lentil and rice bowl,Moong Dal|Rice,NULL,NULL,NULL,NULL,Vegetarian,Steamed,Yes,Unknown,Yes,Official Website,https://www.eatfit.in,2026-09-07
Ahmedabad,Gujarat,Subway,Roasted Chicken Salad,Salad,Vastrapur Ahmedabad,320,Roasted chicken breast with garden greens,Chicken|Lettuce|Tomato|Cucumber,NULL,NULL,NULL,NULL,Non-Vegetarian,Roasted,Unknown,Unknown,Yes,Official Website,https://www.subway.com/en-IN,2026-09-07
Jaipur,Rajasthan,Anokhi Cafe,Organic Carrot & Beetroot Salad,Salad,C Scheme Jaipur,300,Freshly grated organic root vegetables,Carrot|Beetroot|Lemon,NULL,NULL,NULL,NULL,Vegan,Raw,Yes,Unknown,Yes,Official Website,https://anokhicafe.com,2026-09-07
Jaipur,Rajasthan,OTH,Grilled Chicken with Quinoa,Main,Malviya Nagar Jaipur,450,Grilled chicken breast with cooked quinoa,Chicken Breast|Quinoa,NULL,NULL,NULL,NULL,Non-Vegetarian,Grilled,Yes,Unknown,Yes,Official Website,https://othjaipur.com,2026-09-07
Jaipur,Rajasthan,Fabcafe,Veggie Nutty Salad,Salad,C Scheme Jaipur,350,Fresh crunchy vegetables with nuts,Mixed Veggies|Almonds|Walnuts,NULL,NULL,NULL,NULL,Vegan,Raw,Yes,Unknown,Yes,EazyDiner,https://www.eazydiner.com/jaipur/fabcafe,2026-09-07
Jaipur,Rajasthan,EatFit,Palak Paneer & Millet Khichdi,Main,Sikar Road Jaipur,320,Nutritious palak paneer over millet khichdi,Spinach|Paneer|Millet,NULL,NULL,NULL,NULL,Vegetarian,Steamed,Yes,Unknown,Yes,Official Website,https://www.eatfit.in,2026-09-07
Jaipur,Rajasthan,Subway,Tandoori Chicken Salad,Salad,Raja Park Jaipur,320,Tandoori chicken strips with fresh veggies,Chicken|Lettuce|Tomato|Cucumber,NULL,NULL,NULL,NULL,Non-Vegetarian,Tandoori,Unknown,Unknown,Yes,Official Website,https://www.subway.com/en-IN,2026-09-07
Chandigarh,Chandigarh,AJA Fresh,Grilled Sweet Potato & Tofu,Bowl,Sector 9 Chandigarh,380,Grilled tofu and sweet potato with herbs,Tofu|Sweet Potato|Herbs,NULL,NULL,NULL,NULL,Vegan,Grilled,Yes,Unknown,Yes,Official Website,https://ajafresh.com,2026-09-07
Chandigarh,Chandigarh,Virgin Courtyard,Oven Baked Sea Bass,Main,Sector 7 Chandigarh,750,Baked sea bass with steamed asparagus,Sea Bass|Asparagus,NULL,NULL,NULL,NULL,Non-Vegetarian,Baked,Yes,Unknown,Yes,Official Website,https://virgincourtyard.com,2026-09-07
Chandigarh,Chandigarh,Salad Days,Mediterranean Chickpea Salad,Salad,Sector 17 Chandigarh,320,High protein chickpea and cucumber salad,Chickpeas|Cucumber|Tomato|Feta,NULL,NULL,NULL,NULL,Vegetarian,Raw,Yes,Unknown,Yes,Official Website,https://saladdays.co,2026-09-07
Chandigarh,Chandigarh,EatFit,Fruit Pop Oatmeal Bowl,Breakfast,Sector 17 Chandigarh,220,High fibre oatmeal with fresh fruits,Oats|Apple|Banana|Chia,NULL,NULL,NULL,NULL,Vegetarian,Raw,Unknown,Yes,Yes,Official Website,https://www.eatfit.in,2026-09-07
Chandigarh,Chandigarh,Barbeque Nation,Grilled Chicken Tikka,Starter,Sector 26 Chandigarh,800,Chicken marinated in yogurt and spices then grilled,Chicken|Yogurt|Spices,NULL,NULL,NULL,NULL,Non-Vegetarian,Tandoori,Yes,Unknown,Yes,Official Website,https://www.barbequenation.com,2026-09-07
Lucknow,Uttar Pradesh,The Cherry Tree,Grilled Chicken Salad,Salad,Hazratganj Lucknow,350,Grilled chicken breast chunks over greens,Chicken Breast|Lettuce|Tomato,NULL,NULL,NULL,NULL,Non-Vegetarian,Grilled,Yes,Unknown,Yes,Official Website,https://thecherrytree.in,2026-09-07
Lucknow,Uttar Pradesh,Royal Sky,Tandoori Chicken,Starter,Hazratganj Lucknow,450,Traditional clay oven roasted chicken,Chicken|Spices|Yogurt,NULL,NULL,NULL,NULL,Non-Vegetarian,Tandoori,Yes,Unknown,Yes,Official Website,https://royalsky.in,2026-09-07
Lucknow,Uttar Pradesh,EatFit,Egg White & Chicken Keema Bowl,Bowl,Gomti Nagar Lucknow,350,High protein egg whites with lean chicken keema,Egg Whites|Chicken Keema|Spices,NULL,NULL,NULL,NULL,Non-Vegetarian,Steamed,Unknown,Unknown,Yes,Official Website,https://www.eatfit.in,2026-09-07
Lucknow,Uttar Pradesh,Subway,Veggie Delite Salad,Salad,Gomti Nagar Lucknow,250,Fresh mixed greens and vegetables,Lettuce|Tomato|Cucumber|Olives,NULL,NULL,NULL,NULL,Vegan,Raw,Yes,Unknown,Yes,Official Website,https://www.subway.com/en-IN,2026-09-07
Lucknow,Uttar Pradesh,Faasos,Moong Dal Chilla,Breakfast,Aliganj Lucknow,150,High protein lentil pancake,Moong Dal|Herbs,NULL,NULL,NULL,NULL,Vegetarian,Grilled,Yes,Unknown,Yes,Official Website,https://www.faasos.com,2026-09-07
Indore,Madhya Pradesh,O2 Cafe,Steamed Sprouts Chaat,Salad,Vijay Nagar Indore,180,Steamed mixed sprouts with lemon and tomatoes,Mixed Sprouts|Tomato|Lemon,NULL,NULL,NULL,NULL,Vegan,Steamed,Yes,Yes,Yes,Official Website,https://o2cafe.in,2026-09-07
Indore,Madhya Pradesh,Mama Loca,Grilled Fish with Herbs,Main,New Palasia Indore,450,Lean fish grilled with fresh herbs,Fish|Herbs|Lemon,NULL,NULL,NULL,NULL,Non-Vegetarian,Grilled,Yes,Unknown,Yes,Official Website,https://mamaloca.in,2026-09-07
Indore,Madhya Pradesh,EatFit,Chicken Tikka Super Bowl,Bowl,Bhawarkua Indore,450,Healthy tandoori chicken bowl with millet,Chicken|Millet|Veggies,NULL,NULL,NULL,NULL,Non-Vegetarian,Tandoori,Unknown,Unknown,Yes,Official Website,https://www.eatfit.in,2026-09-07
Indore,Madhya Pradesh,Subway,Paneer Tikka Salad,Salad,Vijay Nagar Indore,300,Paneer tikka cubes tossed with fresh salad,Paneer|Lettuce|Tomato|Cucumber,NULL,NULL,NULL,NULL,Vegetarian,Tandoori,Unknown,Unknown,Yes,Official Website,https://www.subway.com/en-IN,2026-09-07
Indore,Madhya Pradesh,Barbeque Nation,Grilled Prawns,Starter,Vijay Nagar Indore,800,Marinaded prawns grilled on skewers,Prawns|Spices,NULL,NULL,NULL,NULL,Non-Vegetarian,Grilled,Yes,Unknown,Yes,Official Website,https://www.barbequenation.com,2026-09-07
Surat,Gujarat,Sante Spa Cuisine,Mediterranean Quinoa Salad,Salad,Vesu Surat,540,Quinoa with apples walnuts and cranberries,Quinoa|Apples|Walnuts|Cranberries,NULL,NULL,NULL,NULL,Vegetarian,Raw,Yes,Unknown,Yes,JustDial,https://www.justdial.com/Surat/Sante-Spa-Cuisine,2026-09-07
Surat,Gujarat,Meraki,High-Protein Bajra Chilla,Breakfast,Vesu Surat,250,Savoury pearl millet pancake,Bajra|Spices,NULL,NULL,NULL,NULL,Vegan,Grilled,Yes,Unknown,Yes,Official Website,https://meraki.in,2026-09-07
Surat,Gujarat,EatFit,Palak Paneer & Millet Khichdi,Main,Vesu Surat,320,Nutritious palak paneer over millet khichdi,Spinach|Paneer|Millet,NULL,NULL,NULL,NULL,Vegetarian,Steamed,Yes,Unknown,Yes,Official Website,https://www.eatfit.in,2026-09-07
Surat,Gujarat,Subway,Roasted Chicken Salad,Salad,Piplod Surat,320,Roasted chicken breast with garden greens,Chicken|Lettuce|Tomato|Cucumber,NULL,NULL,NULL,NULL,Non-Vegetarian,Roasted,Unknown,Unknown,Yes,Official Website,https://www.subway.com/en-IN,2026-09-07
Surat,Gujarat,Faasos,Oats & Moong Dal Chilla,Breakfast,Adajan Surat,160,Oats and lentil based healthy pancake,Oats|Moong Dal,NULL,NULL,NULL,NULL,Vegetarian,Grilled,Unknown,Unknown,Yes,Official Website,https://www.faasos.com,2026-09-07
Kochi,Kerala,Kashi Art Cafe,Slow-Cooked Mutton Stew,Main,Fort Kochi Kochi,450,Lightly spiced mutton stew with coconut milk,Mutton|Coconut Milk|Veggies,NULL,NULL,NULL,NULL,Non-Vegetarian,Steamed,Yes,Unknown,Yes,Official Website,https://kashiartcafe.com,2026-09-07
Kochi,Kerala,French Toast,Poached Eggs on Avocado Toast,Breakfast,Panampilly Nagar Kochi,350,Whole wheat toast with avocado and poached eggs,Eggs|Avocado|Whole Wheat Bread,NULL,NULL,NULL,NULL,Non-Vegetarian,Baked,Unknown,Unknown,Yes,Official Website,https://frenchtoast.in,2026-09-07
Kochi,Kerala,Cocoa Tree,Grilled Chicken Salad,Salad,Panampilly Nagar Kochi,380,Grilled chicken over crisp lettuce and tomatoes,Chicken Breast|Lettuce|Tomato,NULL,NULL,NULL,NULL,Non-Vegetarian,Grilled,Yes,Unknown,Yes,Official Website,https://cocoatree.in,2026-09-07
Kochi,Kerala,EatFit,Classic Moong Dal & Rice,Main,Edappally Kochi,220,Simple comforting lentil and rice bowl,Moong Dal|Rice,NULL,NULL,NULL,NULL,Vegetarian,Steamed,Yes,Unknown,Yes,Official Website,https://www.eatfit.in,2026-09-07
Kochi,Kerala,Subway,Tandoori Chicken Salad,Salad,MG Road Kochi,320,Tandoori chicken strips with fresh veggies,Chicken|Lettuce|Tomato|Cucumber,NULL,NULL,NULL,NULL,Non-Vegetarian,Tandoori,Unknown,Unknown,Yes,Official Website,https://www.subway.com/en-IN,2026-09-07
Coimbatore,Tamil Nadu,The French Door,Baked Mushroom Caps,Starter,RS Puram Coimbatore,280,Mushrooms stuffed with herbs and baked,Mushroom|Herbs|Garlic,NULL,NULL,NULL,NULL,Vegetarian,Baked,Yes,Unknown,Yes,Official Website,https://thefrenchdoor.in,2026-09-07
Coimbatore,Tamil Nadu,Bird on Tree,Grilled Fish Fillet,Main,Race Course Coimbatore,450,Fresh fish fillet grilled with minimal oil,Fish|Herbs,NULL,NULL,NULL,NULL,Non-Vegetarian,Grilled,Yes,Unknown,Yes,Official Website,https://birdontree.com,2026-09-07
Coimbatore,Tamil Nadu,EatFit,Fruit Pop Oatmeal Bowl,Breakfast,Peelamedu Coimbatore,220,High fibre oatmeal with fresh fruits,Oats|Apple|Banana|Chia,NULL,NULL,NULL,NULL,Vegetarian,Raw,Unknown,Yes,Yes,Official Website,https://www.eatfit.in,2026-09-07
Coimbatore,Tamil Nadu,Subway,Veggie Delite Salad,Salad,RS Puram Coimbatore,250,Fresh mixed greens and vegetables,Lettuce|Tomato|Cucumber|Olives,NULL,NULL,NULL,NULL,Vegan,Raw,Yes,Unknown,Yes,Official Website,https://www.subway.com/en-IN,2026-09-07
Coimbatore,Tamil Nadu,Barbeque Nation,Tandoori Chicken,Starter,Town Hall Coimbatore,800,Chicken marinated in yogurt and spices then grilled,Chicken|Yogurt|Spices,NULL,NULL,NULL,NULL,Non-Vegetarian,Tandoori,Yes,Unknown,Yes,Official Website,https://www.barbequenation.com,2026-09-07
Nagpur,Maharashtra,Corridor Seven,Egg White & Mutton Keema,Bowl,Dharampeth Nagpur,480,Protein dense bowl of egg whites and lean mutton,Egg Whites|Mutton Keema,NULL,NULL,NULL,NULL,Non-Vegetarian,Grilled,Yes,Unknown,Yes,Official Website,https://corridorseven.in,2026-09-07
Nagpur,Maharashtra,Breakfast Story,Scrambled Eggs with Spinach,Breakfast,Hingna Road Nagpur,220,Eggs scrambled with fresh spinach,Eggs|Spinach,NULL,NULL,NULL,NULL,Non-Vegetarian,Grilled,Yes,Unknown,Yes,Official Website,https://breakfaststory.in,2026-09-07
Nagpur,Maharashtra,EatFit,Egg White & Chicken Keema Bowl,Bowl,Dharampeth Nagpur,350,High protein egg whites with lean chicken keema,Egg Whites|Chicken Keema|Spices,NULL,NULL,NULL,NULL,Non-Vegetarian,Steamed,Unknown,Unknown,Yes,Official Website,https://www.eatfit.in,2026-09-07
Nagpur,Maharashtra,Subway,Paneer Tikka Salad,Salad,Sitabuldi Nagpur,300,Paneer tikka cubes tossed with fresh salad,Paneer|Lettuce|Tomato|Cucumber,NULL,NULL,NULL,NULL,Vegetarian,Tandoori,Unknown,Unknown,Yes,Official Website,https://www.subway.com/en-IN,2026-09-07
Nagpur,Maharashtra,Faasos,Moong Dal Chilla,Breakfast,Pratap Nagar Nagpur,150,High protein lentil pancake,Moong Dal|Herbs,NULL,NULL,NULL,NULL,Vegetarian,Grilled,Yes,Unknown,Yes,Official Website,https://www.faasos.com,2026-09-07
Bhopal,Madhya Pradesh,Bake N Shake,Wood-Fired Roast Chicken,Main,Arera Colony Bhopal,420,Roast chicken prepared in wood fired oven,Chicken|Herbs,NULL,NULL,NULL,NULL,Non-Vegetarian,Roasted,Yes,Unknown,Yes,Official Website,https://bakenshake.in,2026-09-07
Bhopal,Madhya Pradesh,Greek Food and Beyond,Greek Salad,Salad,MP Nagar Bhopal,280,Fresh cucumbers tomatoes and feta,Cucumber|Tomato|Feta|Olives,NULL,NULL,NULL,NULL,Vegetarian,Raw,Yes,Unknown,Yes,Official Website,https://greekfood.in,2026-09-07
Bhopal,Madhya Pradesh,EatFit,Chicken Tikka Super Bowl,Bowl,Arera Colony Bhopal,450,Healthy tandoori chicken bowl with millet,Chicken|Millet|Veggies,NULL,NULL,NULL,NULL,Non-Vegetarian,Tandoori,Unknown,Unknown,Yes,Official Website,https://www.eatfit.in,2026-09-07
Bhopal,Madhya Pradesh,Subway,Roasted Chicken Salad,Salad,DB City Mall Bhopal,320,Roasted chicken breast with garden greens,Chicken|Lettuce|Tomato|Cucumber,NULL,NULL,NULL,NULL,Non-Vegetarian,Roasted,Unknown,Unknown,Yes,Official Website,https://www.subway.com/en-IN,2026-09-07
Bhopal,Madhya Pradesh,Barbeque Nation,Grilled Prawns,Starter,MP Nagar Bhopal,800,Marinaded prawns grilled on skewers,Prawns|Spices,NULL,NULL,NULL,NULL,Non-Vegetarian,Grilled,Yes,Unknown,Yes,Official Website,https://www.barbequenation.com,2026-09-07
Bhubaneswar,Odisha,Michael's Kitchen,Grilled Chicken Breast,Main,Khandagiri Bhubaneswar,380,Herb grilled chicken breast with steamed veggies,Chicken Breast|Veggies|Herbs,NULL,NULL,NULL,NULL,Non-Vegetarian,Grilled,Yes,Unknown,Yes,Official Website,https://michaelskitchen.in,2026-09-07
Bhubaneswar,Odisha,Truly Fresh,Green Sprout Salad,Salad,Patia Bhubaneswar,200,Mixed sprouts with lemon and cucumber,Mixed Sprouts|Cucumber|Lemon,NULL,NULL,NULL,NULL,Vegan,Raw,Yes,Yes,Yes,Official Website,https://trulyfresh.in,2026-09-07
Bhubaneswar,Odisha,EatFit,Palak Paneer & Millet Khichdi,Main,Chandrasekharpur Bhubaneswar,320,Nutritious palak paneer over millet khichdi,Spinach|Paneer|Millet,NULL,NULL,NULL,NULL,Vegetarian,Steamed,Yes,Unknown,Yes,Official Website,https://www.eatfit.in,2026-09-07
Bhubaneswar,Odisha,Subway,Tandoori Chicken Salad,Salad,Patia Bhubaneswar,320,Tandoori chicken strips with fresh veggies,Chicken|Lettuce|Tomato|Cucumber,NULL,NULL,NULL,NULL,Non-Vegetarian,Tandoori,Unknown,Unknown,Yes,Official Website,https://www.subway.com/en-IN,2026-09-07
Bhubaneswar,Odisha,Barbeque Nation,Tandoori Mushroom,Starter,Janpath Bhubaneswar,700,Mushrooms marinated and grilled,Mushroom|Spices|Yogurt,NULL,NULL,NULL,NULL,Vegetarian,Tandoori,Yes,Unknown,Yes,Official Website,https://www.barbequenation.com,2026-09-07
Goa,Goa,Mojigao,Wild Caught Kingfish Steak,Main,Assagao Goa,750,Fresh caught kingfish grilled with herbs,Kingfish|Herbs|Olive Oil,NULL,NULL,NULL,NULL,Non-Vegetarian,Grilled,Yes,Unknown,Yes,Official Website,https://mojigao.com,2026-09-07
Goa,Goa,Artjuna,Middle Eastern Falafel Plate,Main,Anjuna Goa,450,Baked falafel with hummus and fresh salad,Falafel|Hummus|Salad,NULL,NULL,NULL,NULL,Vegan,Baked,Unknown,Unknown,Yes,Official Website,https://artjuna.com,2026-09-07
Goa,Goa,Zest,Vegan Glow Bowl,Bowl,Palolem Goa,550,Quinoa roasted sweet potato and avocado,Quinoa|Sweet Potato|Avocado,NULL,NULL,NULL,NULL,Vegan,Roasted,Yes,Yes,Yes,Official Website,https://zestgoa.com,2026-09-07
Goa,Goa,Bean Me Up,Tofu Tempeh Protein Bowl,Bowl,Vagator Goa,480,Organic tempeh and tofu with steamed greens,Tofu|Tempeh|Greens,NULL,NULL,NULL,NULL,Vegan,Steamed,Yes,Unknown,Yes,Official Website,https://beanmeup.in,2026-09-07
Goa,Goa,Subway,Veggie Delite Salad,Salad,Panaji Goa,250,Fresh mixed greens and vegetables,Lettuce|Tomato|Cucumber|Olives,NULL,NULL,NULL,NULL,Vegan,Raw,Yes,Unknown,Yes,Official Website,https://www.subway.com/en-IN,2026-09-07
Amritsar,Punjab,Makhan Fish,Tandoori Fish No Batter,Starter,Majitha Road Amritsar,500,Fresh river fish roasted in tandoor without batter,Fish|Spices,NULL,NULL,NULL,NULL,Non-Vegetarian,Tandoori,Yes,Unknown,Yes,Official Website,https://makhanfish.com,2026-09-07
Amritsar,Punjab,The Yellow Chilli,Tandoori Paneer Tikka,Starter,Ranjit Avenue Amritsar,350,Cottage cheese marinated and clay oven roasted,Paneer|Yogurt|Spices,NULL,NULL,NULL,NULL,Vegetarian,Tandoori,Yes,Unknown,Yes,Official Website,https://theyellowchilli.com,2026-09-07
Amritsar,Punjab,EatFit,Classic Moong Dal & Rice,Main,Ranjit Avenue Amritsar,220,Simple comforting lentil and rice bowl,Moong Dal|Rice,NULL,NULL,NULL,NULL,Vegetarian,Steamed,Yes,Unknown,Yes,Official Website,https://www.eatfit.in,2026-09-07
Amritsar,Punjab,Subway,Paneer Tikka Salad,Salad,Lawrence Road Amritsar,300,Paneer tikka cubes tossed with fresh salad,Paneer|Lettuce|Tomato|Cucumber,NULL,NULL,NULL,NULL,Vegetarian,Tandoori,Unknown,Unknown,Yes,Official Website,https://www.subway.com/en-IN,2026-09-07
Amritsar,Punjab,Barbeque Nation,Grilled Chicken Tikka,Starter,Ranjit Avenue Amritsar,800,Chicken marinated in yogurt and spices then grilled,Chicken|Yogurt|Spices,NULL,NULL,NULL,NULL,Non-Vegetarian,Tandoori,Yes,Unknown,Yes,Official Website,https://www.barbequenation.com,2026-09-07
Dehradun,Uttarakhand,Orchard,Steamed Tibetan Veg Momos,Starter,Rajpur Road Dehradun,250,Steamed dumplings stuffed with fresh vegetables,Cabbage|Carrot|Flour,NULL,NULL,NULL,NULL,Vegan,Steamed,Unknown,Unknown,Yes,Official Website,https://orcharddehradun.com,2026-09-07
Dehradun,Uttarakhand,Kalsang,Tofu with Bok Choy,Main,Rajpur Road Dehradun,350,Stir fried tofu with fresh bok choy,Tofu|Bok Choy,NULL,NULL,NULL,NULL,Vegan,Grilled,Unknown,Unknown,Yes,Official Website,https://kalsang.in,2026-09-07
Dehradun,Uttarakhand,EatFit,Fruit Pop Oatmeal Bowl,Breakfast,Jakhan Dehradun,220,High fibre oatmeal with fresh fruits,Oats|Apple|Banana|Chia,NULL,NULL,NULL,NULL,Vegetarian,Raw,Unknown,Yes,Yes,Official Website,https://www.eatfit.in,2026-09-07
Dehradun,Uttarakhand,Subway,Roasted Chicken Salad,Salad,Rajpur Road Dehradun,320,Roasted chicken breast with garden greens,Chicken|Lettuce|Tomato|Cucumber,NULL,NULL,NULL,NULL,Non-Vegetarian,Roasted,Unknown,Unknown,Yes,Official Website,https://www.subway.com/en-IN,2026-09-07
Dehradun,Uttarakhand,Faasos,Moong Dal Chilla,Breakfast,Ballupur Dehradun,150,High protein lentil pancake,Moong Dal|Herbs,NULL,NULL,NULL,NULL,Vegetarian,Grilled,Yes,Unknown,Yes,Official Website,https://www.faasos.com,2026-09-07
Rishikesh,Uttarakhand,The Sitting Elephant,Steamed Veggies & Dal,Main,Laxman Jhula Rishikesh,300,Mixed steamed vegetables with yellow lentils,Mixed Veggies|Yellow Dal,NULL,NULL,NULL,NULL,Vegan,Steamed,Yes,Unknown,Yes,Official Website,https://thesittingelephant.com,2026-09-07
Rishikesh,Uttarakhand,Little Buddha Cafe,Vegan Israeli Platter,Main,Laxman Jhula Rishikesh,400,Hummus tahini Israeli salad and pita,Hummus|Tahini|Cucumber|Pita,NULL,NULL,NULL,NULL,Vegan,Raw,Unknown,Unknown,Yes,Official Website,https://littlebuddhacafe.in,2026-09-07
Rishikesh,Uttarakhand,Pure Soul,Organic Quinoa Salad,Salad,Tapovan Rishikesh,350,Organic quinoa with fresh herbs and lemon,Quinoa|Herbs|Lemon,NULL,NULL,NULL,NULL,Vegan,Raw,Yes,Unknown,Yes,Official Website,https://puresoul.in,2026-09-07
Rishikesh,Uttarakhand,Ramana's Garden,Fresh Spinach Salad,Salad,Tapovan Rishikesh,250,Organic spinach from their own garden,Spinach|Tomato|Lemon,NULL,NULL,NULL,NULL,Vegan,Raw,Yes,Yes,Yes,Official Website,https://ramanasgarden.in,2026-09-07
Rishikesh,Uttarakhand,Subway,Veggie Delite Salad,Salad,Tapovan Rishikesh,250,Fresh mixed greens and vegetables,Lettuce|Tomato|Cucumber|Olives,NULL,NULL,NULL,NULL,Vegan,Raw,Yes,Unknown,Yes,Official Website,https://www.subway.com/en-IN,2026-09-07
Mysuru,Karnataka,Depth N Green,Sprouts & Avocado Bowl,Bowl,Gokulam Mysuru,320,Fresh sprouts mixed with ripe avocado,Sprouts|Avocado|Lemon,NULL,NULL,NULL,NULL,Vegan,Raw,Yes,Yes,Yes,Official Website,https://depthngreen.com,2026-09-07
Mysuru,Karnataka,SAPA,Sourdough Toast with Eggs,Breakfast,Vontikoppal Mysuru,280,Freshly baked sourdough with poached eggs,Sourdough|Eggs,NULL,NULL,NULL,NULL,Non-Vegetarian,Baked,Unknown,Unknown,Yes,Official Website,https://sapabakery.com,2026-09-07
Mysuru,Karnataka,EatFit,Egg White & Chicken Keema Bowl,Bowl,Gokulam Mysuru,350,High protein egg whites with lean chicken keema,Egg Whites|Chicken Keema|Spices,NULL,NULL,NULL,NULL,Non-Vegetarian,Steamed,Unknown,Unknown,Yes,Official Website,https://www.eatfit.in,2026-09-07
Mysuru,Karnataka,Subway,Paneer Tikka Salad,Salad,KD Road Mysuru,300,Paneer tikka cubes tossed with fresh salad,Paneer|Lettuce|Tomato|Cucumber,NULL,NULL,NULL,NULL,Vegetarian,Tandoori,Unknown,Unknown,Yes,Official Website,https://www.subway.com/en-IN,2026-09-07
Mysuru,Karnataka,Barbeque Nation,Grilled Fish,Starter,BM Habitat Mall Mysuru,800,Fish fillets marinated and grilled,Fish|Spices,NULL,NULL,NULL,NULL,Non-Vegetarian,Grilled,Yes,Unknown,Yes,Official Website,https://www.barbequenation.com,2026-09-07
Udaipur,Rajasthan,Millets of Mewar,Mixed Millet Porridge,Breakfast,Pichola Udaipur,220,Porridge made with local Rajasthan millets,Mixed Millets|Milk|Almonds,NULL,NULL,NULL,NULL,Vegetarian,Steamed,Yes,Yes,Yes,Official Website,https://milletsofmewar.com,2026-09-07
Udaipur,Rajasthan,Savage Garden,Grilled Veggies in Olive Oil,Starter,Chandpole Udaipur,300,Assorted vegetables grilled lightly in olive oil,Zucchini|Bell Pepper|Olive Oil,NULL,NULL,NULL,NULL,Vegan,Grilled,Yes,Unknown,Yes,Official Website,https://savagegarden.in,2026-09-07
Udaipur,Rajasthan,EatFit,Chicken Tikka Super Bowl,Bowl,Fatehpura Udaipur,450,Healthy tandoori chicken bowl with millet,Chicken|Millet|Veggies,NULL,NULL,NULL,NULL,Non-Vegetarian,Tandoori,Unknown,Unknown,Yes,Official Website,https://www.eatfit.in,2026-09-07
Udaipur,Rajasthan,Subway,Tandoori Chicken Salad,Salad,Celebration Mall Udaipur,320,Tandoori chicken strips with fresh veggies,Chicken|Lettuce|Tomato|Cucumber,NULL,NULL,NULL,NULL,Non-Vegetarian,Tandoori,Unknown,Unknown,Yes,Official Website,https://www.subway.com/en-IN,2026-09-07
Udaipur,Rajasthan,Faasos,Moong Dal Chilla,Breakfast,Panchwati Udaipur,150,High protein lentil pancake,Moong Dal|Herbs,NULL,NULL,NULL,NULL,Vegetarian,Grilled,Yes,Unknown,Yes,Official Website,https://www.faasos.com,2026-09-07
Vadodara,Gujarat,Meraki Cafe,High-Protein Bajra & Paneer Chilla,Breakfast,Alkapuri Vadodara,290,Pearl millet pancake stuffed with paneer,Bajra|Paneer|Spices,NULL,NULL,NULL,NULL,Vegetarian,Grilled,Yes,Unknown,Yes,Official Website,https://merakicafe.in,2026-09-07
Vadodara,Gujarat,Sante Spa Cuisine,The Vegan Raw Buddha Bowl,Bowl,Gotri Vadodara,580,Raw mix of greens beet carrots and sprouts,Greens|Beet|Avocado|Sprouts|Peanuts,NULL,NULL,NULL,NULL,Vegan,Raw,Yes,Yes,Yes,JustDial,https://www.justdial.com/Vadodara/Sante-Spa-Cuisine,2026-09-07
Vadodara,Gujarat,EatFit,Palak Paneer & Millet Khichdi,Main,Alkapuri Vadodara,320,Nutritious palak paneer over millet khichdi,Spinach|Paneer|Millet,NULL,NULL,NULL,NULL,Vegetarian,Steamed,Yes,Unknown,Yes,Official Website,https://www.eatfit.in,2026-09-07
Vadodara,Gujarat,Subway,Roasted Chicken Salad,Salad,Fatehgunj Vadodara,320,Roasted chicken breast with garden greens,Chicken|Lettuce|Tomato|Cucumber,NULL,NULL,NULL,NULL,Non-Vegetarian,Roasted,Unknown,Unknown,Yes,Official Website,https://www.subway.com/en-IN,2026-09-07
Vadodara,Gujarat,Barbeque Nation,Grilled Prawns,Starter,Alkapuri Vadodara,800,Marinaded prawns grilled on skewers,Prawns|Spices,NULL,NULL,NULL,NULL,Non-Vegetarian,Grilled,Yes,Unknown,Yes,Official Website,https://www.barbequenation.com,2026-09-07
Nashik,Maharashtra,BLD,Grilled Chicken Caesar,Salad,College Road Nashik,350,Grilled chicken with lettuce and dressing on the side,Chicken|Lettuce|Parmesan,NULL,NULL,NULL,NULL,Non-Vegetarian,Grilled,Unknown,Unknown,Yes,Official Website,https://bldnashik.in,2026-09-07
Nashik,Maharashtra,River Crest,Tandoori Paneer,Starter,Gangapur Road Nashik,320,Cottage cheese cubes roasted in tandoor,Paneer|Yogurt|Spices,NULL,NULL,NULL,NULL,Vegetarian,Tandoori,Yes,Unknown,Yes,Official Website,https://rivercrest.in,2026-09-07
Nashik,Maharashtra,EatFit,Classic Moong Dal & Rice,Main,College Road Nashik,220,Simple comforting lentil and rice bowl,Moong Dal|Rice,NULL,NULL,NULL,NULL,Vegetarian,Steamed,Yes,Unknown,Yes,Official Website,https://www.eatfit.in,2026-09-07
Nashik,Maharashtra,Subway,Veggie Delite Salad,Salad,City Centre Mall Nashik,250,Fresh mixed greens and vegetables,Lettuce|Tomato|Cucumber|Olives,NULL,NULL,NULL,NULL,Vegan,Raw,Yes,Unknown,Yes,Official Website,https://www.subway.com/en-IN,2026-09-07
Nashik,Maharashtra,Faasos,Oats Chilla,Breakfast,Indira Nagar Nashik,160,Oats based healthy pancake,Oats|Spices,NULL,NULL,NULL,NULL,Vegetarian,Grilled,Unknown,Unknown,Yes,Official Website,https://www.faasos.com,2026-09-07
Visakhapatnam,Andhra Pradesh,Flying Spaghetti Monster,Grilled Fish with Veggies,Main,Siripuram Visakhapatnam,650,Fresh catch grilled with herbs and served with steamed veggies,Fish|Veggies|Herbs,NULL,NULL,NULL,NULL,Non-Vegetarian,Grilled,Yes,Unknown,Yes,Official Website,https://fsm.co.in,2026-09-07
Visakhapatnam,Andhra Pradesh,Cascades,Steamed Tofu & Broccoli,Main,Daba Gardens Visakhapatnam,380,Lightly steamed tofu and broccoli in clear sauce,Tofu|Broccoli,NULL,NULL,NULL,NULL,Vegan,Steamed,Unknown,Unknown,Yes,Official Website,https://cascades.in,2026-09-07
Visakhapatnam,Andhra Pradesh,EatFit,Fruit Pop Oatmeal Bowl,Breakfast,MVP Colony Visakhapatnam,220,High fibre oatmeal with fresh fruits,Oats|Apple|Banana|Chia,NULL,NULL,NULL,NULL,Vegetarian,Raw,Unknown,Yes,Yes,Official Website,https://www.eatfit.in,2026-09-07
Visakhapatnam,Andhra Pradesh,Subway,Tandoori Chicken Salad,Salad,Asilmetta Visakhapatnam,320,Tandoori chicken strips with fresh veggies,Chicken|Lettuce|Tomato|Cucumber,NULL,NULL,NULL,NULL,Non-Vegetarian,Tandoori,Unknown,Unknown,Yes,Official Website,https://www.subway.com/en-IN,2026-09-07
Visakhapatnam,Andhra Pradesh,Barbeque Nation,Tandoori Mushroom,Starter,MVP Colony Visakhapatnam,700,Mushrooms marinated and grilled,Mushroom|Spices|Yogurt,NULL,NULL,NULL,NULL,Vegetarian,Tandoori,Yes,Unknown,Yes,Official Website,https://www.barbequenation.com,2026-09-07
Patna,Bihar,Bansi Vihar,Plain Ragi Idli,Breakfast,Frazer Road Patna,150,Healthy ragi and lentil steamed cakes,Ragi|Lentils|Rice,NULL,NULL,NULL,NULL,Vegan,Steamed,Yes,Unknown,Yes,Official Website,https://bansivihar.in,2026-09-07
Patna,Bihar,Kapil Dev's Elevens,Grilled Chicken Tikka,Starter,Frazer Road Patna,450,Chicken marinated in yogurt and spices then grilled,Chicken|Yogurt|Spices,NULL,NULL,NULL,NULL,Non-Vegetarian,Tandoori,Yes,Unknown,Yes,Official Website,https://kapildevselevens.in,2026-09-07
Patna,Bihar,EatFit,Egg White & Chicken Keema Bowl,Bowl,Boring Road Patna,350,High protein egg whites with lean chicken keema,Egg Whites|Chicken Keema|Spices,NULL,NULL,NULL,NULL,Non-Vegetarian,Steamed,Unknown,Unknown,Yes,Official Website,https://www.eatfit.in,2026-09-07
Patna,Bihar,Subway,Paneer Tikka Salad,Salad,Boring Road Patna,300,Paneer tikka cubes tossed with fresh salad,Paneer|Lettuce|Tomato|Cucumber,NULL,NULL,NULL,NULL,Vegetarian,Tandoori,Unknown,Unknown,Yes,Official Website,https://www.subway.com/en-IN,2026-09-07
Patna,Bihar,Barbeque Nation,Grilled Chicken,Starter,Frazer Road Patna,800,Chicken marinated in yogurt and spices then grilled,Chicken|Yogurt|Spices,NULL,NULL,NULL,NULL,Non-Vegetarian,Tandoori,Yes,Unknown,Yes,Official Website,https://www.barbequenation.com,2026-09-07
